year,ministry,imf,expost
2005,3.0094964976621164,3.084983690206846,2.7611394211565
2006,1.8949126267937777,2.725559705583383,1.96404477737937
